ID,Title,Location,Salary,Summary
https://kr.indeed.com/viewjob?jk=cffb9ec4b67457d0,(하나금융그룹/SK텔레콤 합작회사) 각 부문 경력직원,핀크 서울 중구,,"전산관련 전공자 또는 그에 준하는 경력 보유자 [구성기술] - Framework: Java., Spring, MyBatis - DB: Oracle, Maria, Cache - CI/CD: SVN, Git, Jenkins..."
https://kr.indeed.com/viewjob?jk=29cd95d489246ddb,[SK]각 부문별 경력사원,에스케이플래닛 성남 분당구,,시스템 개발 Requirement 5년 이상 또는 그 수준의 Java Spring 개발 경험 RDBMS 개발 경험 Preferred 도커/쿠버네티스를... 개발 5년 이상 Java 및 Spring Framework 개발 가능자...
https://kr.indeed.com/viewjob?jk=5285d9b20cf80e89,2020년 게임제작 전 부문,NHN 4.4 성남 판교역,,"Server의 경우 C++ 또는 JAVA에 대한 이해 및 사용경험 - Web서버개발의 경우 Spring, Java에 대한 이해 및 사용경험 - 게임 제작 및 서비스 경험 - 높은 동시접속자 처리 경험 • 클라이언트..."
https://kr.indeed.com/viewjob?jk=c0abd526922e548d,2020년 각 부문 신입/경력직,젠솔소프트 서울 금천구,,웹서비스 개발 / 업무시스템 개발 - 단위 기능 테스트 - 프로젝트 개발 산출물 작성 [자격요건] - Spring Framework(전자정부프레임워크) 사용 가능자 - Java / Jsp(JSTL) / Javascript...
https://kr.indeed.com/viewjob?jk=665e5885dfd75df4,[카카오커머스] 기술직군,카카오커머스 성남 분당구,,"플랫폼 및 어플리케이션 설계 및 운영 ㆍMSA( Spring Cloud) 구조 설계 및 개발 ㆍ Spring Cloud, Open APIs, JPA 기반... 경력 3년 이상 ㆍ Spring Boot, Spring Cloud 를 이용한..."
https://kr.indeed.com/viewjob?jk=073dc75d6fb57670,권리부문 원장개발 및 운영인력 영입,카카오페이증권 성남 분당구,,논리적이고 체계적인 문제해결 역량이 있으신 분 우대사항 - Java 개발언어 활용 능력이 있으신 분 - Spring 기반 프레임워크 활용 능력이 있으신 분 - 웹 어플리케이션 모델링 및 개발 역량이 있으신 분 근무지 - 카카...
https://kr.indeed.com/viewjob?jk=d585814d097935eb,카카오톡 보이스톡/페이스톡/라이브톡 개발자,카카오 4.2 성남 판교역,,"하고 Java, Kotlin / Spring 프레임웍을 기반으로 하는 서버... 하며 미래를 위한 준비를 합니다. 지원자격 우대 사항 ✓ Spring/Java 혹은 Spring/Kotlin 기반 서버 개발 경험 ✓ MySQL..."
https://kr.indeed.com/viewjob?jk=235d6f92b6999031,2020년 하반기 (SW/DB 개발),씨젠 서울 송파구,,"개발 경험자 • Linux 시스템 운영 경험자 • 진단, 바이오 산업에 대한 이해가 높은 자 • Spring, Spring Boot 등 웹 개발 경험자 • Computer Science & Bioinformatics 관련..."
https://kr.indeed.com/viewjob?jk=483b5c30ed9ccb06,AI/ 음성인식/ 차량보안/ 빅데이터/ IoT 등 R&D 부문 경력,현대오토에버 서울 강남구,,"Oracle, MSSQL MySQL 등 RDBMS 경험 - 서버 / 백엔드 / 플랫폼 개발 경력 3년 이상 - Spring Boot, 네트워크 프로그래밍 경험 - 우대 : 실내위치측위 기반 서비스 구현 경험 제조, 물류 도메..."
https://kr.indeed.com/viewjob?jk=9842378cdcd9f354,Back-end 서버개발자 영입,카카오모빌리티 성남 분당구,,기반 기술과 실시간 교통정보를 제공하고 있습니다. 지원자격 - 서비스를 개발하고 운영한 경험이 있으신 분 - Spring 혹은 Ruby on Rails 기반의 서버 개발에 깊이 있는 이해가 있으신 분 - Android/iOS...
https://kr.indeed.com/viewjob?jk=8a24fcda0a50d398,렌탈 시스템 구축 프로젝트 PL업무 수행,국내 유명 IT 대기업 (시스템통합 및 IT 아웃소싱 ) 서울,,"기술 역량] - Application 설계, 개발 및 운영 경험 - JAVA, Springboot 또는 Spring Framework 개발 역량 - DevOps 환경에 대한 이해 (Optional) - Cloud IaaS..."
https://kr.indeed.com/viewjob?jk=54c879b1c3b5a377,[AI검색플랫폼] 지식그래프 서버 개발자,카카오엔터프라이즈 성남 분당구,,플랫폼 개발 ・ (필수) Java/ Spring 프로그래밍이 가능하신 분 ・ (우대) 분산 처리 환경에 대해 알고 있거나 경험이 있으신 분 ✔ API 개발 ・ (필수) Java/ Spring 프로그래밍이 가능하신 분 ・ (우대...
https://kr.indeed.com/viewjob?jk=532c2bfff3efe915,[정규직] SK 가스 Retail 마케팅 플랫폼 사업개발 및 구축인력 요...,SK C&C 4.0 성남 분당구,,"스킬 - 관계사 b2c 시스템 aa 경험 우대 - 개발언어 : java, spring, jspq- orpro*c - m/w : jeus, webtob... 개발언어 : java, spring, jsp - M/W : Jeus..."
https://kr.indeed.com/viewjob?jk=483b6069a02b577f,[아키] 뱅킹아키 개발 및 운영 담당자 (플랫폼 엔지니어),한국카카오은행 성남 분당구,,공통 업무 경험이 있는 분 우대사항 · 금융서비스 중계 인프라 솔루션 개발/운영관리 경험을 보유한 분 · Spring 등 프레임워크 활용 및 확장 경험을 보유한 분 · 오픈소스 기반 솔루션/시스템 구축/운영 경험을 보유한 분...
https://kr.indeed.com/viewjob?jk=748d40e276da7e54,[카카오페이] 신규 사업 서버 개발자 영입,카카오페이 성남 분당구,,또는 동일한 자격을 보유하신 분 - Java 또는 Scala 개발언어 활용 능력을 보유하신 분 - Play/ Spring/Akka 등 프레임워크 활용 능력이 있으신 분 - MySQL 기반의 웹어플리케이션 모델링/개발/튜닝 능력...
https://kr.indeed.com/viewjob?jk=dbcad4dabf939dbe,2020년 7월 신입 및 경력 사원,한국정보통신 서울 중구,,"자 ③ PG (결제/정산)업무 유경험자 ④ Network Programming 가능자 ⑤ Java F/W) Spring, 전자정부, Netty 등) 유경험자 ⑥ Web Programming 가능자(우대) * App 개발(경력..."
https://kr.indeed.com/viewjob?jk=a5cce44e4a847727,현대오토에버 경력사원 대규모 상시,현대오토에버 서울,,어플리케이션 개발 - Java/ Spring Framework 기반 시스템... Spring Framework 개발 경험자 우대 고객채널 개발/운영 - Spring Framework 개발 능숙자 - Spring Framework...
https://kr.indeed.com/viewjob?jk=3f22fbccc9a66db2,글로벌 캐주얼게임 제작 전부문,NHN 4.4 성남 판교역,,설계 및 SQL 개발 역량 - 유관 부서와의 원활한 커뮤니케이션 능력과 긍정적인 마인드 - Spring framework 경험자 [게임 기획(경력)] Job Description 자격요건 우대사항 - 메타...
https://kr.indeed.com/viewjob?jk=9debec4c7f511ec8,(주)신세계아이앤씨 경력사원 상시,신세계아이앤씨 서울 중구,,"험자 -.IT관련 전공 및 관련 자격증 우대 기술요소 -.Web프로그래밍 : Java, JSP, SQL, Spring 등 -.C/S프로그래밍 : C++, Visual Basic, Pro C, C# 등 -.DB : Oracle..."
https://kr.indeed.com/viewjob?jk=92bd400e3b5306ba,[Clova] Clova AI 인재,네이버 서울,,"수준 높은 이해 Git을 능숙하게 사용 백엔드 서버 구현 역량 (Python, Golang, Java Spring, node.js 등) Mobile App 개발 Objective-C, Swift, Cocoa Touch..."
https://kr.indeed.com/viewjob?jk=daa9f53d61644f2c,주한 미국 대사관 상무부 인턴쉽 채용 안내,성균관대학교 4.0 서울,,"및 모집 인원 - Timeline for 2015 Winter to Spring Applicants (Starts January ？June, 2015... 2015 Winter - Spring Internship. - July 1..."
https://kr.indeed.com/viewjob?jk=f9a8c057efc309e1,AI Laboratory 데이터 분석가 모집,(주)모아데이타 관심기업 성남 시흥동,,"0명 AI Laboratory 웹 시각화 개발자 경력사원 - spring framework - ORM(JPA, Hibernate) - x-x... 무관 - 연령 : 무관 - spring framework, ORM(JPA..."
https://kr.indeed.com/viewjob?jk=aaa9570868ca7922,[LINE BIZ PLUS] 암호화폐 거래소/월렛 서버 개발,라인비즈플러스 성남 분당구,,데이터 처리 및 분석 - Cryptocurrency Blockchain R&D [자격요건] - Java / Spring / JPA / Microservices 기반 서버 개발에 능숙한 자 - 설계와 구현에 대한 수평적 소통이...
https://kr.indeed.com/viewjob?jk=d5c206c6a987cdde,[LINE BIZ PLUS] Global Payment 서버 개발,라인비즈플러스 성남 분당구,,"자격요건] - Java 언어, Java Framework( Spring, Spring Boot, JPA) 기반 개발이 능숙한 자 - Restful... MSA 기반 개발 경험 - Spring Cloud 기반의 Ecosystem..."
https://kr.indeed.com/viewjob?jk=864b4a4533ffbb91,"[정규직] SK 하이닉스 SHE(안전/보건/환경/화학물질) 개발, 운영...",SK C&C 4.0 경기도 이천,,"시스템 분야 경력 5년 이상, 반도체 공정에 대한 지식 보유자 우대 역량/스킬 - Framework : Spring F/W, ibatis 등 - Programming Language : Java, jQuery, C++ 등..."
https://kr.indeed.com/viewjob?jk=1ef4a474f5afbb50,광고 플랫폼 서버 개발,네오위즈 대한민국,,문제 상황을 해결하는 능력 및 부서 간 원활한 소통을 위한 협업 능력을 갖추고 계신 분 3. JAVA & Spring Framework 기반 서비스 개발 경험을 보유하신 분 4. Linux OS 환경에서 개발 경험을 보유...
https://kr.indeed.com/viewjob?jk=3228a677f4bd1aee,Delphi/웹 개발자(신입/경력),씨아이에스텍 서울 금천구,,개발 경험자 - 다양한 컴포넌트/라이브러리 사용 경험자 - exBuilder 등의 상용플랫폼 사용 경험자 - Spring/전자정부 프레임워크 개발 경험자 근무환경 근무형태 정규직(수습기간)-3개월 근무부서 응용개발팀 근무요일...
https://kr.indeed.com/viewjob?jk=2f28c270293675db,아이돌사업 플랫폼 개발,네오위즈 대한민국,,서비스를 운영해 본 경험이 있으신 분 6. 결제 정산 시스템 구축 경험이 있으신 분 7. Java & Spring Framework 기반 서비스 개발을 해보신 경험이 있으신 분 * 면접 일정 안내는 서류 합격자에 한해...
https://kr.indeed.com/viewjob?jk=16af988cd8210617,인사시스템 개발자,카카오 4.2 성남 판교역,,시스템 개발 및 운영 향후 인사에 대한 인사이트를 제공할 시스템 설계 및 개발 지원자격 Java 및 Spring Framework에 대한 이해와 웹어플리케이션 개발 경험 (필수) OOP 기반 설계 및 구현 능력 인사...
https://kr.indeed.com/viewjob?jk=13fb1bee217d70bc,2020년 알앤비소프트 상반기 신입/경력 사원,알앤비소프트웨어 성남 분당구,"연봉 28,000,000원 - 30,000,000원","이상 프로젝트 수행 경험자 2) 개발(경력) 업무 시스템 개발 - 3년 이상 경력자 - JAVA,JQuery, Spring 기반 개발 가능자 Web 개발 - 웹/모바일 프로젝트 3년 이상 경력자 - HTML5,CSS3,JAVA..."
https://kr.indeed.com/viewjob?jk=5f18c149379506cd,테크센터개발팀 - 웹 프로그래머,Nexon 성남 분당구,,"Java, node.js, Python, Go, PHP 등) - 프레임워크 무관 ( .NET MVC, Spring, Express, Django, Beego, Laravel 등) 우대사항 - Container 환경 활용..."
https://kr.indeed.com/viewjob?jk=e011ccb767b45099,출납 및 주식원장 개발 인력 영입,카카오페이증권 성남 분당구,,논리적이고 체계적인 문제해결 역량이 있으신 분 우대사항 - Java 개발언어 활용 능력이 있으신 분 - Spring 기반 프레임워크 활용 능력이 있으신 분 - 웹 어플리케이션 모델링 및 개발 역량이 있으신 분 근무지 - 카카...
https://kr.indeed.com/viewjob?jk=1a1f965a61513d6e,[관계사] 아파트관리서비스 백엔드개발자 영입,카카오페이 성남 분당구,,"이상의 웹 서비스 / API개발,운영 관련 경험 또는 그에 준하는 역량을 보유하신 분 - spring 프레임워크( Spring Boot)를 이용한 Web Application 개발 경험이 있으신 분 - MVC framework..."
https://kr.indeed.com/viewjob?jk=f8bec771a06fd165,[고객플랫폼] 인증플랫폼 개발 및 운영 담당자,한국카카오은행 성남 분당구,,"경험과 역량 · PKI 및 암호기술에 대해 이해하고, 표준화 작업이 가능한 분 · Java 8 이상 + Spring Framework 4.x 이상을 잘 활용할 수 있는 분 · 안드로이드 및 iOS 보안 아키텍처에 대해 이해하..."
https://kr.indeed.com/viewjob?jk=c53bc16505a446a5,2020년도 상반기 부문별 정기,위즈코리아 서울 강서구,,"능숙하신 분 * JAVA, C계열 모두 가능하신분 우대 - Java Spring 기반 개발 가능하신 분 - JavaScript, JQuery, vue... 유경험자 우대 - 기타 : Spring Boot, ORM, Result..."
https://kr.indeed.com/viewjob?jk=f4a5057bd3043129,웹프론트엔드 개발자,Nexon 성남 분당구,,"적이며 자기 주도적인 성장이 가능한 분 - 다양한 분야의 사람과의 협업 능력이 원활하신 분 우대사항 - Spring, Node.js, Python 등 한 가지 이상의 백엔드 기술에 대한 이해 - TypeScript 경험..."
https://kr.indeed.com/viewjob?jk=69bb383162d73218,웹보드게임 서버/클라/웹개발,NHN 4.4 성남 판교역,,개발 3년 이상 - Spring 기반 Web 및 플랫폼 개발 경함자 - Linux 환경 개발 경험 - MSA 설계 및 구축 경험 - RESTful API 설계 경험 - Spring Boot 개발 경험 - 성능...
https://kr.indeed.com/viewjob?jk=100b2fb7e9a259ae,2020년 7월 신입 및 경력사원 [PG프로그램 개발/운영],한국정보통신 서울 중구,,"자 ③ PG (결제/정산)업무 유경험자 ④ Network Programming 가능자 ⑤ Java F/W) Spring, 전자정부, Netty 등) 유경험자 ⑥ Web Programming 가능자(우대) 약간명 * 공통 자격..."
https://kr.indeed.com/viewjob?jk=11eeb7e67af2404b,시스템/플랫폼 개발자,NHN ACE 4.4 성남 판교역,,"Job Description 자격요건 우대사항 - 수집/분석/활용 시스템/플랫폼 개발 - Java( Spring)/Linux 개발 경력자 - DBMS, NoSQL, ETL 작업 가능한자 - 빅데이터 기반 수집/분석/활용..."
https://kr.indeed.com/viewjob?jk=19c64243dc570601,[개발]검색개발(서버/API) 담당자(정규직),위메프 2.8 대한민국,,자격사항] - Elastic Search/Solr/Lucene등 오픈소스 검색엔진 활용 개발 경험자 - Java/ Spring 계열 개발 경험 4년 이상자(검색 개발 1년 이상) - MySQL 등 RDBMS 활용 가능자...
https://kr.indeed.com/viewjob?jk=4a68fa9e002e0953,[그룹사] 멤버십 운영 (대리/과장),BOB네트웍스 서울 강남구,,전문학사(전문대) 이상. / - 총경력: 5년~ 선호 - (Oracle 기반) 멤버십 운영 경력자 - Spring F/W 기반 개발 경력자 - 개인정보 라이프 싸이클 관리 경력자 우대 - X- platform 개발 경험자...
https://kr.indeed.com/viewjob?jk=5d0af321fe085616,네이버 O2O서비스 개발자,네이버 서울,,"node.js, mongodb, elasticsearch, mysql, kafka, graphql, spring boot, kotlin, typescript, postgresql, tensorflow, spark ] - 개발..."
https://kr.indeed.com/viewjob?jk=96beffb2c2c358cc,시스템개발팀 경력사원,한화솔루션 서울 중구,,"Spring 기반 웹 어플리케이션 서버 개발 - 모바일/웹 환경을 위한 RESTful API 시스템 개발 - Reporting, 통계 시스템 개발 11.2 자격요건 1) 관련 경력 5~8년 2) 백엔드 역량 - Spring..."
https://kr.indeed.com/viewjob?jk=02e6b7511ba4ced4,"웹개발자 (java,spring)",에스엔아이디 서울 노원구,"연봉 22,000,000원 - 24,000,000원","Jquery, UI 라이브러리 - MSSQL, MARIA, ORACLE, MYSQL [우대사항] - java ( spring boot, mybatis, JPA)) - Angular 7 - Angular JS - Node JS..."
https://kr.indeed.com/viewjob?jk=efa2762e61726c34,[기술플랫폼실] 데이터 어플리케이션 개발자 영입,카카오페이 성남 분당구,,전산 관련학과 학사 이상 또는 동일한 자격을 보유하신 분 - Java 언어 활용 능력을 보유하신 분 - Spring Framework 프레임워크 활용 능력이 있으신 분 - OOP 또는 Functional Programming...
https://kr.indeed.com/viewjob?jk=314cb11dce58741e,서버 웹 애플리케이션 개발,픽셀로 경기도 의왕,,"회사 서버 웹 애플리케이션 개발... Web Application Server) 개발 - Java/ Spring, Html/css/Node.js/javascript - RDBMS - Mobile app & Server..."
https://kr.indeed.com/viewjob?jk=9d6f0caa84cb9a3f,커머스 플랫폼 개발 (프론트엔드 엔지니어),LINE Plus corporation 성남 서현역,,"Ajax 등을 통한 비동기 처리와 MVVM, MVP 패턴에 대한 이해 - Java 언어에 능숙하고, Spring Framework 기반 개발에 익숙한 분 - 해외 출장에 결격 사유가 없는 분 [우대사항] - HTTP..."
https://kr.indeed.com/viewjob?jk=a5df2a689ce4021f,[NHN ACE] 시스템/플랫폼 개발자 경력,엔에이치엔에이스 성남 분당구,,"니어] Job Description 자격요건 우대사항 - 수집/분석/활용 시스템/플랫폼 개발 - Java( Spring)/Linux 개발 경력자 - DBMS, NoSQL, ETL 작업 가능한자 - 빅데이터 기반 수집/분석/활용..."
https://kr.indeed.com/viewjob?jk=3190803dba63c314,동영상 데이터/비즈 플랫폼 서버 개발자,카카오 4.2 성남 판교역,,"동영상 광고 서버 개발 동영상 데이터 수집/분석 지원자격 기본 조건 Java 개발 경력 2년 이상 Spring Framework 기반 웹 애플리케이션 개발 경험 MySQL, MongoDB 등의 DB 개발 경험 우대조..."
https://kr.indeed.com/viewjob?jk=5771fa5d8d4ced04,[LS글로벌] SAP MM / MES시스템 운영 경력직,엘에스글로벌인코퍼레이티드 서울 용산구,,"개발,수정), jqWidget Object 개발 경험 - java 개발 : API개발, 추가 모듈 개발 등 - spring-framework 이해(glue-framework의 기본 사상) 2. DBMS - PPAS sql..."
https://kr.indeed.com/viewjob?jk=a5f72db70e317024,콘텐츠 구독 서비스 개발자 (경력),카카오 4.2 성남 판교역,,"알고리즘, 자료구조, OOP) 기초 지식 필수 생산적이고 유쾌한 커뮤니케이션 기술을 가진 분 Java & Spring Framework 기반 웹서비스 개발 경험 Linux 플랫폼에서 웹 서비스 개발/운영 경험 MySQL 또는..."
https://kr.indeed.com/viewjob?jk=422dc50fab786fd2,"부문별 경력 (MD,자바개발자)",아이마켓코리아 서울 강남구,,JSP 개발경력 4년이상 · ORACLE DB 사용 경험자 · 쇼핑몰 운영 개발 경력자 [우대사항] · Spring framework 사용 경험자 우대 · 모바일웹 개발 경력자 우대 · 전산관련 자격증 소지자 우대 (정보처리...
https://kr.indeed.com/viewjob?jk=bd2d072d35d7da4e,[중급/JAVA/7개월/서판교/Spring/JSP/JavaScript/M...,한국프로골프투어 성남 분당구,,"중급/JAVA/7개월/서판교/ Spring/JSP/JavaScript... UI개발, 웹서버개발 나. API연동 4. 우대사항 가. JAVA/ Spring/JSP/JavaScript/JQuery/MariaDB/HTML/CSS..."
https://kr.indeed.com/viewjob?jk=d99e03f875abe7ce,NXLog리포트팀 - 웹 프로그래머,Nexon 성남 분당구,,"TypeScript, JavaScript - Framework : Spring Boot, Angular - Build Tool : Gradle... Angular, Vue 등) - Spring Boot 로 서비스를 개발해..."
https://kr.indeed.com/viewjob?jk=d843d85cd0a43394,[배민결제서비스실] 결제서비스 서버 개발자,우아한 형제들 서울 송파구,,"있으신 분 - Java, 객체지향 , Spring Framework 를 잘 이해하고 활용 가능한 분 - Spring Boot 기반 개발 경험이 있으신... 활용 경험이 있으신 분 - Spring Batch 개발 경험이 있으신 분..."
https://kr.indeed.com/viewjob?jk=b16367694b400bf6,컨텐츠 API 서버 개발자 (경력),카카오 4.2 성남 판교역,,서버 개발 지원자격 지원자격 개발 경력 2년 이상 java 언어에 익숙하신 분 JVM에 대한 이해 Spring Framework 경험자 Linux/Network 기반 지식 동료와 함께 목표를 달성하실 분 우대사항...
https://kr.indeed.com/viewjob?jk=96035754b8177628,java / vue js / Spring 개발자,플레인브레드 서울 영등포구,"연봉 24,000,000원 - 26,000,000원",지원자격 경력 신입·경력 학력 - 성별 무관 기타 담당업무 웹 개발 및 웹 기반 솔루션 개발 신입 ~ 4년차 학력 무관 4대보험 및 식대 제공 수습 3개월~6개월 연봉 : 2500만원~3300만원 자격증 수당 ( 정보처리...
https://kr.indeed.com/viewjob?jk=e65a195da656bcdc,[동영상플랫폼] 연계형 인턴십,네이버 서울,,"경험 - Java, Spring Framework 환경 개발 경험 [ 우대사항 ] - 오픈소스 활용에 대한 경험이 풍부하신 분 - SpringBoot, Cloud, Batch 등 다양한 Spring 모듈 사용 경험..."
https://kr.indeed.com/viewjob?jk=27b10c6deb91477e,팟티서비스 웹개발(서버&프론트),아프리카TV 성남 분당구,,[담당업무] - 팟티서비스 PC/모바일 웹 서비스 개발 및 유지보수 [자격요건] 서버 - JAVA & Spring Framework 기반 웹서비스 개발 3년 이상이신 분 - Linux 플랫폼에서 웹서비스 개발/운영 경험...
https://kr.indeed.com/viewjob?jk=e0ea80abff5c4953,[TmaxSoft/관리] 전사 정보시스템 설계 및 개발 관리,티맥스소프트 성남 분당구,,"스템 관리 및 유지보수 자격요건 개발 3~6년 경력자(신입도 가능) jsp, java 프로그래밍 가능자, Spring 사용경험자 DB 관련 지식 보유자 우대사항 EIS(경영자정보), CRM(세일즈포스닷컴) 구축 경험자..."
https://kr.indeed.com/viewjob?jk=a29eb99b38ac76f1,[S/W] Car Life service Backend 개발,현대자동차그룹 4.4 대한민국,,"등을 위한 기반 플랫폼을 구축합니다. 지원자격 [경력 5년 이상] - 학사 이상의 학위 취득자 - Java 및 Spring Framwork를 이용한 대규모 사용자 및 대용량 트래픽 서버 개발, 운영 경험 보유자 - RDBMS..."
https://kr.indeed.com/viewjob?jk=2c17217469e58eec,Gyopo Teachers,P&E English 서울 강남구,,"can be assigned with extra pay. ** During the summer, winter, and spring break intensives for local and international school..."
https://kr.indeed.com/viewjob?jk=cc124305a42fb2ef,백엔드 개발자 경력 정규직,에이엘에이엔 서울 강남구,,"백엔드 [담당업무] - 자사 플랫폼 서버 구축 및 개발 - AI 활용 플랫폼 구축 및 개발 1) Java Spring, JPA, MySQL, NodeJS 2) 알고리즘 및 시스템 아키텍처 설계 경험 3) AWS 클라우드 아키..."
https://kr.indeed.com/viewjob?jk=15551302df184bc4,커머스 SI개발자 및 SM운영 경력사원,GS ITM 서울 종로구,,"필수조건] - 경력 4년 이상 - Spring Framework, JAVA... 경력 4년 이상 - 오픈소스 적용 및 신기술 학습에 관심이 많은자 - Spring framework 구조에 대한 이해가 높으며 System 파악능력이..."
https://kr.indeed.com/viewjob?jk=976188198fd567cd,[현장코칭 숙련인력 양성사업] 백엔드 개발자,에잇바이트 서울 강남구,,"경력자 - Java, Spring Framework 기반 서버 개발 경험 - RESTful API 설계 및 개발 경험 - RDBMS 설계 경험 인터넷·IT·통신·모바일·게임>웹프로그래머>백엔드"
https://kr.indeed.com/viewjob?jk=c63f68bd0ae906d2,Lead Server Developer,Grab Taxi 서울,,Development/Operations Experience using Frameworks... Spring etc. Designing API Architecture or developing APIs based...
https://kr.indeed.com/viewjob?jk=f331689581753ff9,"(주)우리요 웹,서버 개발자 경력직",우리요 전주 완산구,"연봉 27,600,000원 - 42,000,000원","로젝트 서버 개발 및 협업 ㆍ전반적인 사내/외주 프로젝트 지원 및 개발협업 ㆍ자료구조, 알고리즘 ㆍJava, Spring, 전자정부표준프레임워크기반 서버개발 ㆍAjax, JQuery 개발 ㆍDB설계 ㆍ성 별 : 무관 ㆍ경 력..."
https://kr.indeed.com/viewjob?jk=fd240779c5b27ea7,[메가존클라우드] Back-end Developer (Hosting KR...,메가존 서울 강남구,,"개발 경력 5년 이상 또는 그에 상응하는 역량 ü Spring Framework, Spring Boot Application 구축 경험자 ü HTTP... 열린 자세 우대사항 ü Spring Data JPA, Hibernate 등..."
https://kr.indeed.com/viewjob?jk=431c80cac460aa33,Back-end Software Engineer,Bear Robotics 서울,,"발에 대한 이해 Git을 통한 협업 경험 온라인을 통한 원활한 소통에 자신있는 분 빠른 학습능력 우대 사항 Spring/Django Framework, ORM, Hibernate, Mybatis, JSON Mapper 사용..."
https://kr.indeed.com/viewjob?jk=8afe8aea8992c419,[deleokorea] JAVA 백엔드개발팀 팀장,델레오코리아 서울 강남구,,분석 / 설계 능숙 - 프로젝트 일정 / 인력 관리 숙련자 - Spring 또는 Spring Boot 기반에서 개발 경력 6년이상 (혹은 다른 프로그... 서비스의 개발을 경험하신 분 - Spring Cloud 기반의 MSA 설계...
https://kr.indeed.com/viewjob?jk=e368d3e3e5df0285,"Java개발자 , 프런트, 백엔드",호디 서울 마포구,,[직무내용] 웹어플리케이션 개발 Java/ Spring framework/ 전력수요예측관련 프로그램 개발 도서관 관련 소프트웨어 개발 [근무시간 및 형태] 주 5일 근무 (오전) 9시 00분~(오후) 6시 00분 주소정근로시간...
https://kr.indeed.com/viewjob?jk=22f35c468266595f,[상암동] Web 개발자,에스지앤 서울 상암동,"연봉 22,000,000원",경험 ㆍ Workflow(BPM) 환경 사용자 또는 구축 경험 *급여:회사내규에 따름 ** 기타사항 : Spring framework 환경이 아님으로 지원시 참고 바랍니다. 경력조건 경력 필요경력 2년 개월 자격면허 병역...
https://kr.indeed.com/viewjob?jk=4c9d508e7c26b521,네이버 회원플랫폼 Backend Software Engineer,네이버 서울,,십니다 . [역할 및 필요기술] - 웹 어플리케이션 및 기반 서버 인프라 개발 [자격요건] - Java & Spring Framework 기반 웹 서버 개발 경력 3 년 이상 또는 그에 준하는 역량을 보유하신 분 - 웹...
https://kr.indeed.com/viewjob?jk=cb412672e6b26ac9,네이버 인증플랫폼 Backend Software Engineer,네이버 서울,,"워크 프로그래밍에 이해가 있으신 분 - nginx , httpd 모듈 개발 경험이 있으신분 - Java & Spring Framework 기반 웹 서버 개발 경력 3 년 이상 또는 그에 준하는 역량을 보유하신 분 - 웹 서비..."
https://kr.indeed.com/viewjob?jk=5ba060c7315de8f3,중화권 대상 쇼핑 플랫폼 카요 BackEnd 개발 부문,카요 서울 종로구,,"분들의 지원을 기다립니다. 담당업무 - JAVA 프로그래머 - 웹서비스 개발 및 유지보수 자격요건 - Spring,Mybatis,Restful 어플리케이션 개발 경험 - javascript/Jquery등을 이용한 웹..."
https://kr.indeed.com/viewjob?jk=eef62d90836ae2eb,Senior Software Engineer/ BrSE,FPT Software 대한민국,,Verbal/ Written Communication -Experienced with Spring Framework -Experienced with MSA (Micro-Service Architecture...
https://kr.indeed.com/viewjob?jk=4e81790a426e72d6,해외서비스(일본) 백엔드 서버 개발자 (5년 이상),우아한 형제들 서울 송파구,,"객체지향 설계 및 개발에 익숙한 분 - MySQL, Maria DB 등의 RDBMS 사용에 익숙한 분 - Spring, MyBatis, JPA 등의 다양한 오픈소스 라이브러리에 익숙한 분 + 사업/기획/ 디자인에 대한 관심을..."
https://kr.indeed.com/viewjob?jk=75e93bff8e89fe90,[수시] ZUM 동영상 서비스 플랫폼 개발(경력),ZUM 서울 서초구,,"연령: 책임: 나이 성별 제한 없음 - 학력: 고졸이상(석사 졸업 이상 우대) - Java 1.8, Spring Boot 2.x, DB, MySQL, javascript framework - REST API 이해 와..."
https://kr.indeed.com/viewjob?jk=0848ffe057922785,자바(JAVA) 웹개발 경력직,온더아이티 성남 분당구,,"중급~특급) - 학력사항: 대학(2,3년)졸업 이상 - 연령: 무관 - 성별: 무관 - Java, JSP, Spring, Struts2, Ibatis 등의 프로그램 가능자 및 MyEclipse능숙자 [우대사항] - SVN사용..."
https://kr.indeed.com/viewjob?jk=d0c797e418c9ba93,Web BackEnd 개발자 모집,알서포트 서울 몽촌토성역,,"Java Web Application 개발 – 당사 솔루션 및 서비스 Backend 개발 [필수사항] – Spring, JPA(Hibernate) 기반 Web Application 개발 경험 – 소프트웨어 설계 경험(UML..."
https://kr.indeed.com/viewjob?jk=c25032371344d115,클라우드 기반의 개발자,인포젠 서울 영등포구,"연봉 26,000,000원","하철 직무내용 ㆍAWS 기반의 Spring Boot 개발 ㆍ클라우드 환경의 서버 개발 및 UI 개발 - Spring boot 개발 경험자 - MSA... ㆍ우대 스킬 : REST API, Spring framework, ANSI..."
https://kr.indeed.com/viewjob?jk=842b81b319e55e7e,네이버 지식iN eXpert 서비스 백엔드 개발자,네이버 서울,,"Java 기반 백엔드 프로그래밍 기본 지식을 보유하신 분 - 개발 표준 수립 및 구현 전략이 가능하신 분 - Spring Framework 이해 및 활용이 가능하신 분 - 객체지향 개발, 리팩토링, 자동화 테스트에 대한 기본..."
https://kr.indeed.com/viewjob?jk=ebb44fb9691f874e,[청주][경력] 웹개발자,플러그미디어웍스 청주 상당구,,"전반적인 이해도가 높은 분 * 그누보드 및 php 사용으로 웹페이지 개발 경력이 있는 분 * java, spring, 전자정부프레임워크 사용가능자 * 경력자만 지원바랍니다 [근무시간 및 형태] 주 5일 근무 (오전) 9시..."
https://kr.indeed.com/viewjob?jk=bc48fba719bb8190,[수시] ESTsoft 프론트엔드 개발(신입/경력),이스트소프트 서울 서초구,,"있는 분 (Vue, React 등) - Single Page Application 개발 경험이 있는 분 - Spring Framework 사용 경험이 있는 분 - 오픈 소스 기여 경험이 있는 분 - Git, SVN 등..."
https://kr.indeed.com/viewjob?jk=d653cd9212990bce,클라우드 웹 서비스 개발 국내인터넷대기업,국내인터넷대기업 경기도,,"기술 및 서비스 개발 - 클라우드 플랫폼의 신규 보안상품 개발 ※ 자격조건 - 개발 경력 3-5년차 - Spring, JPA 등을 이용한 Web Application 개발 경험 - Git 기반 개발협업 경험 ※ 우대사항..."
https://kr.indeed.com/viewjob?jk=c1ef53bea38a958d,B2C서버 자바 개발자 경력사원 모집,지에스아이티엠GSITM 서울 재동,,개발자 담당업무 - GS칼텍스 자바 서버 개발자(SM) 자격요건 - Java/ Spring Framework/ Spring boot/Mybatis (Java 기반 WebApp/REST API 개발) - RDBMS...
https://kr.indeed.com/viewjob?jk=41d171cc1d5318d7,"JAVA/JSP 개발자(고급) (정규직, 팀장)",이노디스 서울 송파구,,"직급/직책: 팀장 [자격요건] 학력사항: 대학교(4년)졸업 이상 경력사항: 경력(7년 이상 15년 이하) Spring 또는 전자정부프레임워크 경력자 PL 경험자 [우대사항] AA, TA 경험자 0 명 근무조건 고용형태: 정규..."
https://kr.indeed.com/viewjob?jk=412f4a4caf6af454,개발자,체인지포인트 서울 송파구,,"1. 경력 3년 이상의 풀스택 혹은 백엔드 개발자 2. 자기소개서 및 포트폴리오 자료 3. 파이썬, JAVA 능통하신 분 C++, JSP, SPRING 능통하신 분 (우대) 급여 연봉 3,000만원~3,500만원"
https://kr.indeed.com/viewjob?jk=2bee5aa8d756b84a,프런트 백엔드 웹개발팀장 풀스택 개발 팀장급,테크핀 전문기업으로 테크핀 관련 기술개발과 이를 응용한 플랫폼 운영기업 서울 강남구,,"지원자격 - Java & Spring framework 환경 기반 개발... SI 구축 웹 개발 - 근무지 : 서울 전역 - 자바 기반 프레임워크( spring, myBatis) 경험자 - 모집 인원 : 5 인 - 경력 : 4..."
https://kr.indeed.com/viewjob?jk=6d7d19b037173464,피망 플랫폼 웹개발 담당자 (경력),네오위즈 대한민국,,"와 Spring Framework을 이용해 자유롭게 개발이 가능한 분 - 클라우드(AWS, AZURE, GCP 등) 및 컨테이너 서비스에 대한 이해를 갖춘 분 우대사항 - 컴퓨터공학 관련 전공자 - spring boot를..."
https://kr.indeed.com/viewjob?jk=aff12776e1897ef5,Server Developer (Product),Toss 서울 강남구,,"개선 진행 # 자격 요건 - Spring Framework 기반의 B2C... 및 신규 보충역 편입 가능 # 토스를 구성하는 기술 - Java Spring Framework, JPA/Hibernate, Gradle, MySQL..."
https://kr.indeed.com/viewjob?jk=a5f55aa42203b04b,웹/서버 개발,SK M&Service 서울특별시,,"개발 관련 실무 경력 5년 이하 - java(버전 7 이상), Spring(버전 3 이상), MyBatis, Java Script, Git(또는... 개발 능력 보유 - 개발환경: Spring framework, Java..."
https://kr.indeed.com/viewjob?jk=de6bd04c96b4844f,웹개발&응용프로그램개발 담당자,(유)아홉 서울 중구,"월급 1,800,000원","ㆍ학력 : 무관 ㆍ나이/성별 : 무관 프로그래머 3명 담당업무 ㆍJAVA 기반 Web Applction( Spring) 개발,RESTful API 설계/구현,RDBMS를 활용한 서비스 구현 지원자격 ㆍ경력 : 무관 (신입도..."
https://kr.indeed.com/viewjob?jk=9ebd87427efd7821,Server Developer (Business),Toss 서울 강남구,,스템의 운영툴을 분석하고 운영하고 점진적 이관을 수행 # 자격 요건 - Java 기술 생태계(Kotlin/ Spring/JPA)에 대한 이해도와 엔지니어링 역량(OOP/TDD/Refactoring/Pair Programming...
https://kr.indeed.com/viewjob?jk=7ea66d547aca4b16,[Platform Labs] 커머스 플랫폼 서버 개발자,네이버 서울,,github.com/naver/ spring-jdbc-plus ) ​ 프로젝... Application Framework - Spring Boot ( Spring MVC 등) - Spring Data JDBC · 서버 인프라...
https://kr.indeed.com/viewjob?jk=97fddbd57b12f028,웹앱 및 IoT개발자,주식회사 대림아이앤티 서울,,"요건 ] 1. JAVA / JSP 관련 경력자 2. JAVA 기반의 Spring framework 경력자 3. Linux, Apache, Tomcat... 경력: * JSP,JAVA, Spring framework : 3년 (필수..."
https://kr.indeed.com/viewjob?jk=eed99257bfd29d02,Lead DevOps Engineer,Grab Taxi 서울,,"connections. Experience in Java Web Application based on Spring Framework, Experience in RDBMS(mysql, oracle) Based DB..."
https://kr.indeed.com/viewjob?jk=b41b31e46c6d1c2f,소프트웨어개발자,하이지노 안산 단원구,"연봉 30,000,000원","상용직 근무예정지 경기도 안산시 단원구 연수원로 인근지하철 직무내용 - 자바, 자바스크립트, 프로트엔드 - Spring, JavaScript, MSSQL, (+gitLab) 프로그램 개발 - 경력 5년이상 - 연봉은 면접시..."
https://kr.indeed.com/viewjob?jk=fb28e56e86254e50,글로벌서비스자동화 개발자 모집 공고,넷마블 서울 구로구,,"데이터 파이프라인에 대한 이해도 보유 - CI/CD 프로세스에 대한 이해도 보유 - 관련 스킬(Java, Spring Boot, Junit, RDBMS, JPA, GitFlow, Jenkins) 보유 우대요건 - Cloud에..."
https://kr.indeed.com/viewjob?jk=f536c86904212c36,IT 강소기업 JAVA 솔루션 개발자 (경력직) (성수동),휴먼브릿지앤코 서울,"연봉 40,000,000원 - 50,000,000원","o 웹 어플리케이션 개발자 (HTML5/CSS3,jQuery/javascript, Servlet/JSP, Spring/MyBatis 등) o PostgreSQL, Oracle 유경험자 우대 -Java,기반 솔루션 개발자 우대..."
https://kr.indeed.com/viewjob?jk=cfda827c08dbcb71,[양천구 청년 인턴 참여 기업] 웹디자이너 사원.,메이드인헤븐 서울 구로구,"월급 1,800,000원","지털로 306 605호 인근지하철 직무내용 - S/W 개발 및 운영. - jaba web framework( spring,struts 등) 관련 교육 이수자. - 관련 자격증 소지자 우대. - 다양한 DBMS 사용 및 SQL..."
https://kr.indeed.com/viewjob?jk=df21e3bb5d773616,Python Programmer,Mofac 서울 서초구,,담당업무 – Open Source 기반 프레임워크 개발 – JAVA 프로그래밍(라이브러리 활용) – Spring 프레임 워크 개발 – Python API 프로그래밍 우대사항 – Python 개발 경험 – Open...
https://kr.indeed.com/viewjob?jk=d621cbb75440764e,백엔드 개발자,뉴트리션코트 서울 강남구,,"ASP.Net MVC, JAVA/ Spring 등을 사용한 1년 이상의 개발... Python, Node.js, C#/ASP.Net MVC, JAVA/ Spring 등을 사용한 1년 이상의 개발 경력 - Web Framework..."
https://kr.indeed.com/viewjob?jk=a0c6d3f938d43af8,"JSP, JAVA 경력 정규직",에스에이티정보 서울 구로구,,"기반의 개발 경험 - Spring Framework 기반 개발 경험 -Web(HTML5,Javascript,jQuery,Ajax,CSS) 활용 가능자 [우대사항] -DB활용 가능자(Mysql 등) - Spring,myBatis..."
https://kr.indeed.com/viewjob?jk=781d7cb738530f5f,"[한국인재개발원] 빅데이터, Java(자바) 직업훈련교사",JMP KOREA 서울 구로구,,"련교사 모집 모집부문 및 자격요건 담당업무 자격요건 인원 빅데이터 / Java(자바) 강의 - Java/ Spring /Oracle 강의, 포트폴리오제작 - 파이썬기반 빅데이터수집, 적재, 분석, 시각화 및 포트폴리오 (클라..."
https://kr.indeed.com/viewjob?jk=08793bba082f0ecb,대전 WEB개발(초중급),에이스파트너스서치펌 대전,,"격요건 담당업무 자격요건 인원 [담당업무] 대전 웹 개발 소요기술 : JAVA/JSP/Javascript, Spring, JQuery [근무부서 및 직급/직책] 근무부서: 개발팀 직급/직책: 팀원 [자격요건] 경력사항: 경력..."
https://kr.indeed.com/viewjob?jk=f5f10b204348a770,"웹, APP 개발자 경력직",COVVYLab(코비랩) 제주 제주시,"연봉 40,000,000원 - 50,000,000원","합니다 :) 개발언어 : Front_end : Javascript 경력필수 Back_end : node.js, spring 경력필수 서버운용(하기 경력 필수) : AWS, Google Cloud DBMS 경력필수 포트폴리오..."
https://kr.indeed.com/viewjob?jk=2e83ad48583145cb,"[JAVA 웹 개발자] 대리, 과장급 경력직 - 교육 문화 솔루션 개발",로데브 안양 동안구,"연봉 35,000,000원 - 70,000,000원","우대사항 - 컴퓨터/시스템공학 - 해당직무 근무경험 - - java Spring framework - Sql Server - Html, Css... 해당직무 근무경험 - - java Spring framework - Sql..."
https://kr.indeed.com/viewjob?jk=fe667d8bb274dd49,Server Engineer,레이니스트 서울,,"학위 혹은 그에 준하는 경력 보유자 Spring Framework 기반( Spring Boot, Spring Batch) 시스템 개발 경력 2년이상... 조건 Kotlin, Spring Framework, Spring Cloud..."
https://kr.indeed.com/viewjob?jk=852b4e4e3cbc4771,각 부문 경력사원 수시 채용,엠아이큐브솔루션(주) 관심기업 서울 서초동,,"SQL 등 2. R&D연구원(솔루션/플랫폼 개발) 1) 신입, 경력 2) 기술사항 : JAVA, Spring, Html, Javascript, C#, MS-SQL, Oracle, JDBC 등 3. AI모델링..."
https://kr.indeed.com/viewjob?jk=736eb193e417cee2,비즈개발실 서버 개발자 (경력),카카오 4.2 대한민국,,"1년 이상 (필수) Spring, Spring Boot, JPA 개발 경험... 우대) webView내에서 동작하는 모바일웹개발 경험 (우대) Spring, Spring boot 사용에 능숙 (우대) 대용량 트래픽 서비스 개발및..."
https://kr.indeed.com/viewjob?jk=04b5029ddb9cdea9,네이버 메인플랫폼 백엔드 개발자,네이버 서울,,"개선 - '내서랍'(네이버 알림) 서비스 개선 [필요기술 ] - 2년 이상의 웹서비스 개발 경력 - Java( Spring, SpringBoot) - Maven, Gradle - MariaDB 등 RDBMS, MongoDB..."
https://kr.indeed.com/viewjob?jk=49994ff4c66c566c,[경력] 데브옵스개발 담당자,다나와 서울 양천구,,"옵스(devops) 환경 구축 및 품질향상 - 경력 1~7년 - Java, Python에 대한 이해보유자 - Spring Boot 또는 Express.js 프레임워크 이해 보유자 제출서류 - 신입의 경우, 최종학교 졸업증명서..."
https://kr.indeed.com/viewjob?jk=5b30f6a2b70215f5,[개발]위메프 서버개발자(정규직),위메프 2.8 대한민국,,"원더페이, 원더쇼핑 등 신사업 개발 [자격사항] - Java / Spring 서버 개발 경력 5년 이상자 - Spring framework, Spring Data JPA 경험자 - API 개발 경험자 - RDB기반 서비스..."
https://kr.indeed.com/viewjob?jk=3bafdba72ed14ee9,다음 첫화면/뉴스/스포츠/연예/1boon 유저 웹서비스 개발자 (경력),카카오 4.2 성남 판교역,,"경험자 docker, kubernetes 등 클라우드 환경 사용 경험 JVM과 그 생태계에 대한 이해와 경험 Spring Framework 기반 웹 애플리케이션 개발 경험이 있으신 분 HTML, CSS의 이해 ES2015+의..."
https://kr.indeed.com/viewjob?jk=dfcb86f156623e5c,보훈대상자 인재 채용,네오위즈 대한민국,,동을 위한 인터페이스 개발 및 운영 [자격요건] - 3년 이상의 JAVA 기반 개발 경력이 있는 분 - Spring framework 기반의 개발 경험이 있는 분 - Linux 및 Unix를 능숙하게 사용하는 분 [우대...
https://kr.indeed.com/viewjob?jk=7f9954e4382f47b0,프론트엔드 개발자,우리사이 서울 성수동2가,,Cordova 및 기타 하이브리드앱 개발 경험 - Web Application 설계 및 개발 경험 - Java Spring 개발 경험 - 애자일한 근무환경으로 디자이너와 원활한 코웍우대사항 <근무환경> 장소 : 성수 종합...
https://kr.indeed.com/viewjob?jk=8a1b8c186acc2892,[정규직] SK 가스 Retail 마케팅 플랫폼 사업개발 및 구축인력 요...,SK 씨앤씨 4.0 서울,,"스킬 - 관계사 b2c 시스템 aa 경험 우대 - 개발언어 : java, spring, jspq- orpro*c - m/w : jeus, webtob... 개발언어 : java, spring, jsp - M/W : Jeus..."
https://kr.indeed.com/viewjob?jk=7d968159951e068b,네이버 메인플랫폼 백엔드 개발 연계형 인턴십,네이버 서울,,"Git, Community 활동 등) - 새로운 분야를 연구하고 배우며 성장할 수 있는 분 - Java, Spring, Backend, Database, Cache 등 개발에 친숙하신 분 전형절차 및 기타사항 1 전형절..."
https://kr.indeed.com/viewjob?jk=f3a14b3f8d9e3e12,네이버 쇼핑검색플랫폼 개발자,네이버 서울,,"React로 서비스 구현 - Spring등의 프레임워크 기반 서비스 구현... 어느 한가지를 능숙하게 다룰 수 있는 분 [ Java, Python, Spring boot/batch/cloud, Kotlin, React, Vue..."
https://kr.indeed.com/viewjob?jk=cac18e6bcbee5a21,Front end 개발자,브릭 성남 분당구,"연봉 28,000,000원","백엔드 개발에도 관심이 있으신 분 6. 기타 회사 내에서 사용 중인 기술 Middleware 및 시스템 : Spring, Hadoop, 자사 actor system DB : Oracle, MySQL, Redis, HBase..."
https://kr.indeed.com/viewjob?jk=a94d025441879ed9,[2020년 수도권 혁신기업 온라인 박람회]엠아이큐브솔루션(주) 2020...,엠아이큐브솔루션 서울 서초구,,"Flask를 이용한 벡엔드 개발 경험자 R&D 연구원(플랫폼개발) ㆍ 경력 2년 이상 ㆍ 기술사항 Java, Spring, Html, javascript, JDBC, No-SQL, Eclipse, Oracle, C# 등 ㆍ..."
https://kr.indeed.com/viewjob?jk=0ce8a5d0140c84ca,"Environmental Microbiology, Geomicrobiol...",Association of Environmental Engineering and Scien... 대한민국,,applicants for MS or Ph.D. research assistantships beginning in Spring 2021. We recently moved to a new department building...
https://kr.indeed.com/viewjob?jk=86ea268d9852807f,[경력] 검색 엔진 개발,현대엠엔소프트 서울 용산구,,"설계/개발 [기술 스택] - OS: Linux - 개발 언어/framework: JAVA, Python, Spring boot - Tool: IntelliJ, STS, JIRA/Confluence, GIT, Jenkins 등..."
https://kr.indeed.com/viewjob?jk=865367d01d5843ca,SI/SM 개발인재,창윤시스템 서울 성동구,,"[응용 프로그래밍] - JAVA, spring, Devon - 응용프로그램... 담당업무] [응용 프로그래밍] - JAVA, JSP,Javascript, spring - 응용프로그램 개발 - DB 설계 및 컨텐츠 개발 - 프레임워크..."
https://kr.indeed.com/viewjob?jk=00a93640285a62a6,서버(java/spring) 개발 경력직,인더스웰 서울 강남구,,"[웹프로그래밍] - jsp, java, ASP / PHP 개발 능숙자 - HTML, JavaScript, css 능숙자 - MS SQL, Oracle, MySQL 등 DBMS 설계 및 운영 가능자 - 웹, DB서버 구축 및..."
https://kr.indeed.com/viewjob?jk=93cb48d077c547ca,네이버 Article Studio 백엔드 개발자,네이버 서울,,"Studio 플랫폼 로그 수집/분석 [필요역량] - 백엔드 개발 경력을 3년 이상 보유하신 분 - Java, Spring 프레임워크를 이용한 개발 경험을 보유하신 분 - 실 서비스 중인 애플리케이션 개발 및 운영 경험을..."
https://kr.indeed.com/viewjob?jk=fd67d04ed1642339,네이버 UGC 데이터 분석/운영 개발자,네이버 서울,,"Spark Job 작성 및 운영 경험 - 비정규화 대용량 데이터 분석 및 정제 경험 - 웹 프로그래밍( Spring, Mysql 등) [우대사항] - Cloudera Hadoop 클러스터 운영 경험을 보유하신 분 - 하둡..."
https://kr.indeed.com/viewjob?jk=e09b027bb4e649b2,[NHN Bugs] 벅스 Web개발 경력,엔에이치엔벅스 성남 분당구,,"웹 기반 플랫폼 서비스 개발 - 벅스 운영 관련 시스템 개발 - Web개발 경력 2년~5년 - Java & Spring Framework / HTML, Javascript 개발 경험 - Oracle, MySQL 등 RDBMS..."
https://kr.indeed.com/viewjob?jk=0ca5a9b1ac697fb3,"[인터랙션플랫폼(댓글, 투표, 공감)] 웹 서비스 개발자",카카오 4.2 성남 판교역,,"조직으로써, React, Vue, Spring, Kafka, Redis... 합니다. 지원자격 최소 자격 개발 경력 2년 이상 Java & Spring Framework 기반 웹서비스 개발 경험 선호 자격 Linux..."
https://kr.indeed.com/viewjob?jk=843fd941fa6b0b53,8 Weeks VACATION International Curriculu...,MICA International Scholars 경기도 용인,,"based on experience) Holidays/Vacation: 8 Weeks Total Spring Break - 1 Week, Summer + Winter Break - 3 Weeks, Including..."
https://kr.indeed.com/viewjob?jk=e2af10f5682263b8,웹/응용 프로그래머,바스코에너지 경기도 부천,,"웨어 연구개발, 구축> - 에너지관리시스템 솔루션 개발 및 구축 업무 - 관련 웹 개발자 - C# 또는 자바( Spring), 기타 언어 기반 SW 개발자 [근무시간 및 형태] 주 5일 근무 (오전) 9시 00분~(오후) 6시..."
https://kr.indeed.com/viewjob?jk=6e762e911554314a,모바일 앱 서버/백엔드 개발자,흐름 서울 성산동,,진행한 후 UML을 작성합니다. Spring Framework를 이용하여... 으신 분 - 자바에 익숙하고 기타 언어 하나 이상을 습득하신 분 - Spring 프레임웍을 이용한 Web Application 개발 경험이 있으신 분...
https://kr.indeed.com/viewjob?jk=b01342d6d3c2a24a,FinTech 서비스 플랫폼 개발 통해 세상 변화시킬 개발자분 만나고 싶...,핀투비 서울 여의도,,"stack이 아니어도 환영 * 기술스택 - back-end ( spring, jpa, mybatis, nodejs, express, mocha... 필수사항 - framework( Spring, Rails, Django..."
https://kr.indeed.com/viewjob?jk=9530bc3a86e46025,동영상 서비스 서버 및 웹 개발자,네이버 서울,,기술이 필요합니다. - Java 및 Spring 프레임워크 기반 기술 - Jquery 등 javascript 기반 FrontEnd 기술(우대) [필요역량] - Java 및 Spring 프레임워크 기반 서비스 개발 경력을 3...
https://kr.indeed.com/viewjob?jk=1bdf7ac298a83408,"웹기획, 웹프로그래머, 웹앱개발, 웹디자인",뭉치 서울 마포구,,"Provider) 개발 - IAM(Identity Access Management) 개발 - Java 8, Spring Framework - Linux - Java, JSP, MySQL, Javascript - Oracle..."
https://kr.indeed.com/viewjob?jk=9c461a0a72f13144,[경력] 컨텐츠 서비스 개발 PM,현대엠엔소프트 서울 용산구,,"Provider [필수 역량] - Spring 기반 JAVA 어플 개발... Linux, Unix - 개발 언어: JAVA, JSP - Tool: Spring, PostGRE-SQL, Oracle, Redis 등(RDBMS..."
https://kr.indeed.com/viewjob?jk=8249f80b8a2f9cf6,네이버 C2C 신규 서비스 서버 개발자,네이버 서울,,"으신가요? 저희와 함께 하시죠 ! [역할] - C2C 신규 서비스 서버 개발 [필요역량] - Java, Spring Framework 기반 서버 개발에 익숙하신 분 - 웹 서비스의 일반적인 아키텍쳐 이해 및 RESTful..."
https://kr.indeed.com/viewjob?jk=1024c16050f5a67a,(퇴직기술인력 중소기업활용) 의료용 소프트웨어 개발 경력직,아이알엠 서울 강남구,"연봉 40,000,000원 - 42,000,000원","서버 개발자 . 주요 업무: 당사에서 구축한 플랫폼 운영 및 개발 . 자격 요건: Python, Java( Spring, CXF, Maven) 개발 가능자, API 개발 및 설계 가능자, PostgreSQL 사 용 가능자..."
https://kr.indeed.com/viewjob?jk=0c32265fe4f353d8,네이버 일본 맛집 서비스 CONOMI Backend 개발자,네이버 서울,,"관리툴 및 Batch Job 개발 [ 필요 역량 ] - Java or Kotlin 언어에 능숙하며 , Spring Boot 를 활용할 수 있으신 분 - Junit / Spock Unit Test Framework 을 이용한..."
https://kr.indeed.com/viewjob?jk=d4bd36ed9ecd0628,판타지볼(fantasyballcokr) 게임 운영 / 개발 & 외주업체...,아이스라이트 서울 영등포구,,"개발 및 운영하고 있습니다. 필요경력/스킬: - 4년+ 개발 경력 - JAVA Specialist ( spring framework / maven) - Architecturing 능력 (apache, tomcat, mysql..."
https://kr.indeed.com/viewjob?jk=44bfd56f822a70f3,서버팀 팀장,쏘카 대한민국,,"개발에 대한 깊은 이해가 있으신 분 우대사항 • AWS, Kubernetes, Docker에 익숙하신 분 • Spring Boot, Kotlin 등에 익숙하신 분 • CloudFormation, Terraform 등을 사용한..."
https://kr.indeed.com/viewjob?jk=6240019d0b1ca8e6,백오피스 개발자,쏘카 대한민국,,"분 • 논리적이고 분석적인 사고력을 갖추신 분 • 빠른 지식 습득 능력을 보유하신 분 우대사항 • PHP, Spring Boot, Kotlin 등에 익숙하신 분 • Vue.js 등 프론트엔드 프레임워크 사용에 익숙하신 분..."
https://kr.indeed.com/viewjob?jk=6ae4ed1bba95fed4,서버개발자,쏘카 대한민국,,"있으신 분 • 논리적이고 분석적인 사고력을 갖추신 분 • 빠른 지식 습득 능력을 보유하신 분 우대사항 • Spring Boot, Kotlin 등에 익숙하신 분 • CloudFormation, Terraform 등을 사용한..."
https://kr.indeed.com/viewjob?jk=e156570e477aea13,백엔드 개발 정규직 경력사원(5년 이하),포티투마루 서울 관악구,,"범용 프로그래밍 언어 중 하나 중급이상, 기본적인 DBMS 사용 가능 [우대조건] - MVC 프레임워크( Spring 등) 또는 오픈소스(예. Apache Software Foundation 프로젝트, TensorFlow..."
https://kr.indeed.com/viewjob?jk=f28daf14149c1eec,loT플랫폼/웹서비스 개발 경력 정규직,심시스글로벌 서울 서초구,,"Spring/Webflux 활용한 웹 개발 경험 ㆍ오픈소스 활용 경험 (Netty, MQTT Broker, kafka, RDBMS, NoSQL DB 등) ㆍDBMS 경험 ㆍWEB/WAS 설정 및 튜닝 경험 ㆍ Spring..."
https://kr.indeed.com/viewjob?jk=29c738b1f02af63d,"Java Spring 개발자 , 면접비 지급",클라모스 서울 구로구,,(주)클라모스 Java Spring 개발자 모집 모집부문 및 자격요건 담당업무 자격요건 인원 [담당업무] - Java Spring을 이용한 서버 및 클라이언트 개발 - Java Spring을 이용한 Back-End 개발...
https://kr.indeed.com/viewjob?jk=29dcf8e4435032f8,[스마트택배]스윗트래커CIC Back-end 개발자,써머스플랫폼 서울 중구,,개선 [자격요건] 학력: 학력무관 경력: 신입~ 경력 3년 성별: 무관 - Back-end 개발자 ( spring boot) - MS-SQL DB 스토어드 프로시저 작성 - DB SQL 작성 & 유지보수 - Restful...
https://kr.indeed.com/viewjob?jk=8df6e7918b4eb045,커머스 플랫폼 개발 (서버 엔지니어),LINE Plus corporation 성남 서현역,,"가능한 플랫폼 구축 [자격요건] - Java 언어에 능숙하고, Spring Framework 기반 개발에 익숙한 분 - RDBMS 및 NoSQL... Streams, Avro, Spring Cloud Data Flow..."
https://kr.indeed.com/viewjob?jk=3fe823bafcdcf478,Blockchain Platform 개발 / 분산 플랫폼 개발,알투브이 서울 영등포구,,"스탠드업미팅, 스프린트 - JUnit, Mockito 등을 활용한 유닛테스트 작성 경험 - JAVA 8, Spring Framework를 통한 어플리케이션 개발 경험 - 영어 의사소통 능력 - 블록체인 프로젝트 진행 경험..."
https://kr.indeed.com/viewjob?jk=4ac0bc9d6ede7106,"비컴솔루션 클라우드 기반 경력직 / REST API, Spring Boo...",비컴솔루션 경기도 이천,,"학력 대학교졸업(4년) 성별 무관 기타 담당업무 비컴솔루션 클라우드 기반 경력직 모집 / REST API, Spring Boot 커리어 양식 지원 상세모집요강 접수기간/방법 시작일 2020.7.8 (수) 마감일 2020..."
https://kr.indeed.com/viewjob?jk=a595c08ccccac67d,커뮤니티서비스 웹개발,아프리카TV 성남 분당구,,"Mysql,javascript, Linux 등 웹서비스 개발 지식과 경험이 있으신 분 - laravel, Spring, React, Hadoop, Hbase, Elasticsearch, Redis 활용이 가능하신 분..."
https://kr.indeed.com/viewjob?jk=ed01858a0804bd1d,2020 박사,세메스 천안 서북구,,"Platform 개발 Server 개발 - Java, JSP 기반 web 및 API 개발 - Spring, Springboot, Mybatis 개발 - MySQL DB설계 및 SQL 개발 컴퓨터/전산/산업공..."
https://kr.indeed.com/viewjob?jk=707559b03d7a26fc,동영상서비스/플랫폼 서버개발자,카카오 4.2 성남 판교역,,"비스 및 동영상 플랫폼 개발 지원자격 #기본조건 Java 개발 1년 포함, 총 개발 경력 3년 ~ 7년 Spring Framework 기반 웹 애플리케이션 개발 경험이 있으신 분 RDBMS 서비스 개발 경험이 있으신 분..."
https://kr.indeed.com/viewjob?jk=4e9d2fac16efdf12,웹 개발자 수시,어큐진 인천 계양구,,Web application 개발 / DB 설계 및 운용 / API 개발 * 필수사항 1. JAVA 2. Spring framework 3. MySQL 4. Linux 서버 운용 * 우대사항 - RESTful API 개발...
https://kr.indeed.com/viewjob?jk=af8f5789b3e87df6,8 WEEKS VACATION | Homeroom Teachers | A...,MICA International Scholars 경기도 용인,,"included. Holidays/Vacation: 8 Weeks Total, all paid Spring Break - 1 Week, Summer + Winter Break - 3 Weeks, Including..."
https://kr.indeed.com/viewjob?jk=5e7504a283c851a0,API 테스트 플랫폼 개발자,카카오 4.2 제주도,,"있으신 분 DevOps, CI/CD 등에 관심 있으신 분 소프트웨어 품질, 코드 품질에 관심 있으신 분 Spring 등 프레임워크에 대한 경험과 이해가 있으신 분 <우대조건> 플랫폼 설계/개발 역량이 탁월하신 분 프론트..."
https://kr.indeed.com/viewjob?jk=98948bfdacab3ae1,[정규직] 유통산업 및 커머스 분야 시스템 설계/개발 전문가,SK 씨앤씨 4.0 서울,,"수불 및 수익성 관리 업무에 대한 지식 - 홈쇼핑 구축 경험자 우대 역량/스킬 - Java, Oracle, Spring Framework, Tomcat, Apache 활용 프로젝트 수행 경험 (필수) - B2C 모바일/웹..."
https://kr.indeed.com/viewjob?jk=3026be48de8e04e4,[정규직] SK매직 차세대 렌탈 시스템 구축 PL 모집,SK 씨앤씨 4.0 서울,,"보유 [기술 역량] Application 설계, 개발 및 운영 경험 JAVA, Springboot 또는 Spring Framework 개발 역량 DevOps 환경에 대한 이해 (Optional) Cloud IaaS/PaaS..."
https://kr.indeed.com/viewjob?jk=5eaa0d2379fee85e,"경력사원 상시 (시스템개발/운영(Web, C/S))",신세계아이앤씨 서울 중구,,"관련 전공 및 관련 자격증 우대 [기술요소] - Web프로그래밍 : Java, JSP, SQL, Spring 등 - C/S프로그래밍 : C++, Visual Basic, Pro C, C# 등 - DB : Oracle, MS..."
https://kr.indeed.com/viewjob?jk=0ebde768f98f227f,서버 프로그래머,펀플로 서울 구로구,,Database 에 대한 기본 지식 보유 Network 에 대한 기본 지식 보유 [우대 조건] Java Spring Framework 유 경험자 Linux 환경 유 경험자 대용량 서버 구축에 대한 유 경험자 WCF 유 경험자
https://kr.indeed.com/viewjob?jk=21f720e55bab4c8d,카카오톡/계정/멜론플랫폼 서버 개발자,카카오 4.2 성남 판교역,,"주로 Java, Kotlin / Spring 프레임웍을 기반으로 하는 앱서... 래를 위한 준비를 합니다. 지원자격 우대 사항 ✓ Spring/Java 혹은 Spring/Kotlin 기반 서버 개발 경험 ✓ 모바일/웹 환경을..."
https://kr.indeed.com/viewjob?jk=3448089cc62507a4,[톡캘린더] 서버 개발자 (경력),카카오 4.2 성남 판교역,,"MQ 등으로 구성된 시스템을 설계하고 주로 Java, Kotlin / Spring을 기반으로 하는 백앤드 서버를 개발합니다. 서비스를 진화시키기 위해... 운영 지원자격 필수 사항 Spring 기반 백앤드 서버 개발/운영..."
https://kr.indeed.com/viewjob?jk=49d976b3859d9553,상품시스템 Front&Back-end 개발,이베이 코리아 대한민국,,"Vue, jQuery 등 ) - MVC 및 ORM 기반 웹 어플리케이션 업무 가능 (.NET MVC, Spring 등 ) - RDBMS 외 NoSql 기반 업무 가능 (Elasticsearch, MongoDB, Redis..."
https://kr.indeed.com/viewjob?jk=4ef11c99c86a7be9,B2C서버 자바 개발자 경력사원,GS ITM 서울 종로구,,자바 개발자 [담당업무] - GS칼텍스 자바 서버 개발자(SM) [자격요건] - Java/ Spring Framework/ Spring boot/Mybatis (Java 기반 WebApp/REST API 개발) - RDBMS...
https://kr.indeed.com/viewjob?jk=e9ffdb7828433d0e,웹개발 프런트엔드 리눅스 개발자,랜섬웨어 사전방어를 위한 앱체크로 급성장하고 있는 엔드포인트 보안 전문 회사 성남 분당구,,"SI 구축 웹 개발 - 근무지 : 서울 전역 - 자바 기반 프레임워크( spring, myBatis) 경험자 - 모집 인원 : 5 인 - 경력 : 4... 지원자격 - Java & Spring framework 환경 기반 개발..."
https://kr.indeed.com/viewjob?jk=76772e88175f63d3,Spring 개발 경력자,에이원그룹 경기도 부천,"연봉 24,000,000원",경기도 부천시 부천로3번길 8층 806호 인근지하철 직무내용 - 3년이상의 Java개발 경력 - Java/ Spring 환경에서 RESTful 서비스 개발 경험 3년 이상 - SQL/DBMS/ORM 에 대한 이해 - AWS...
https://kr.indeed.com/viewjob?jk=cf5b5e66d5e4209a,모바일플랫폼 자바 개발자,Nexon 성남 분당구,,서비스 - 모바일 쿠폰 시스템 개발 - 고가용성이 보장된 RESTful API개발 지원자격 - JAVA & Spring Framework 환경에서의 개발이 능숙한 분 - 요구사항을 분석해 알맞는 서비스화가 가능하신 분...
https://kr.indeed.com/viewjob?jk=853347a2d26d4d03,RNA Systems 웹개발자 인턴,RNAGroup 서울 종로구,,젝트 참여 경험 개발환경 - Web : Apache... Spring Boot Embeded Tomcat - Backend : Spring Boot (2.1.6 release) 기반 - JDK : Zule...
https://kr.indeed.com/viewjob?jk=013711cc91044486,IT본부 신입/경력,유안타증권 대한민국,,"3년 이상(대리~과장급) · 국내, 해외 파생상품 백오피스 개발 운영 경험자 · Java, Mipatform, Spring기반 Framwork, C, Oracle DBMS 프로그램 경험자 IT본부(Prop Trading..."
https://kr.indeed.com/viewjob?jk=dd1b4ae4864cc982,온라인몰 서비스개발/운영,Success Korea 대한민국,,Spring framework 기반) - 장애관리， 이슈관리 [자격요건] - 관련분야 경력 4년 이상 - Java， Spring Framework... 경력 4년 이상 - Java， Spring Framework 기반 개발...
https://kr.indeed.com/viewjob?jk=7cd470aa0a8cf306,e-biz 온라인 개발 경력직,Success Korea 대한민국,,"jQuery, oracle(PL/SQL), CSS - Eclipse( Spring Tool Suite) 사용 개발 필수 [전형절차] - 서류전형 및... SQL), CSS - Eclipse( Spring Tool Suite) 사용..."
https://kr.indeed.com/viewjob?jk=40886549f98d2e18,Java 웹 서비스 개발자,Success Korea 성남 판교역,,"Java 웹 어플리케이션 또는 이에 준하는 개발 경력 5년 이상 - spring framework, ORM 등에 대한 오픈소스 프레임워크의 전반적인... 하는 개발 경력 5년 이상 - spring framework, ORM 등에..."
https://kr.indeed.com/viewjob?jk=dd44bd54e55b2ef8,SW 개발,Success Korea 서울 신논현역,,"Docker등) 이용한 클라우드서비스 개발 경험자 우대 - Spring 4x기반 ( Spring Web, Data, XD등) 개발 경험자 우대 - 빅데... 개발 경험자 우대 - Spring 4x기반 ( Spring Web, Data..."
https://kr.indeed.com/viewjob?jk=ad1ebbf2ca4428d2,JAVA 개발(Pay),Success Korea 성남 서현역,,"이상 - Java Framework 기반 웹개발 숙련자(webwork, spring 등) 선호 - DBMS (Oracle, MYSQL등)에 능숙하고... 기반 웹개발 숙련자(webwork, spring 등) 선호 - DBMS..."
https://kr.indeed.com/viewjob?jk=1552a2c8e697e117,Front-End Developer,Success Korea 서울,,"Git 사용 가능하신 분 [우대사항] - PHP, Java Spring 백엔드 및 fullstack 개발 경험 있으신 분 우대 - Front-End... 우대사항] - PHP, Java Spring 백엔드 및 fullstack..."
https://kr.indeed.com/viewjob?jk=757dac5321108066,Mobile Application Development 대리급,Success Korea 대한민국,,Development [자격요건] - Java Framework( Spring)개발 능숙자 - Objective-C기술 보유자 - 모바일 웹/앱... Java Framework( Spring)개발 능숙자 - Objective...
https://kr.indeed.com/viewjob?jk=37d50cd702228928,IT개발(채용인원 2명),Success Korea 서울 가산동,,"System 경험자 - ERP solution SI / SM 경험자 - Spring Framework 경험자 - 웹서버(Apache, Tomcat... SI / SM 경험자 - Spring Framework 경험자 - 웹서버..."
https://kr.indeed.com/viewjob?jk=8e6f2c6c3c8c7fe6,모바일(안드로이드)개발 엔지니어(대리~과장),Success Korea 고양 일산동구,,3년 이상 -. 모바일: 서버 및 App 전반 경험자 (Web) Spring 사용 경험 (Mobil ) IOS개발 경험 화상전화 서비스 운영경험... 및 App 전반 경험자 (Web) Spring 사용 경험 (Mobil...
https://kr.indeed.com/viewjob?jk=203387dc90e4a366,JAVA 웹개발자 중급,게임회사 서울 송파구,,담당업무 ] - Web 개발 [ 자격요건 ] - 개발 경력 6~8년 - JSP/JAVA 3년 이상 - Spring 또는 전자정부 2년 이상 - Oracle 2년 이상... 키워드 ] - JSP/JAVA [ 우대조건...
https://kr.indeed.com/viewjob?jk=18d1f1349dbc7a5d,JAVA 웹개발자 고급,게임회사 서울 송파구,,"담당업무 ] - Web 개발 [ 자격요건 ] - 개발 경력 10년 이상, JSP/JAVA 5년 이상, Spring 또는 전자정부 2년 이상 - Oracle 2년 이상 - PL 유경험자(3개 프로젝트 이상 수행) - 정보처리..."
https://kr.indeed.com/viewjob?jk=8c2290a39b46b358,JAVA 웹개발자 고급,해외송금 전문업체 서울 강남구,,"담당업무 ] - Web 개발 [ 자격요건 ] - 개발 경력 10년 이상, JSP/JAVA 5년 이상, Spring 또는 전자정부 2년 이상 - Oracle 2년 이상 - PL 유경험자(3개 프로젝트 이상 수행) - 정보처리..."
https://kr.indeed.com/viewjob?jk=38abc7716a5d262f,서비스 응용SW 개발 다 수(과장),Success Korea 서울 방배동,,"요건 담당직무 ? 필수조건 - Java, J2EE (JMS, EJB등)환경 개발경험 - Hibernate, Spring, Struts, Flex, Ajax 검포넌트 사용 경험 - 관련기술 PM 경험자 : 아웃소싱 경력 우대..."
https://kr.indeed.com/viewjob?jk=40ddb3bad95eeb9d,웹서버 관리 및 JAVA 개발,Success Korea 성남 야탑역,,"및 관리 경력 5년 이상 12년 이하 - Java 언어 기본 + JSP, Spring, HTML5, CSS, Javascript, AJAX, JSON... 이하 - Java 언어 기본 + JSP, Spring, HTML5, CSS..."
https://kr.indeed.com/viewjob?jk=a72ea8a3afd41810,IT팀 ERP 시스템 유지보수 경력직 채용,Success Korea 경기도 성남,,"중급이상 , 오라클 프로시저 유경험자 - 운영체제 Linux - Spring 기반의 Framework 유경험자 - 영어회화 우수자 (우대) - 패션... 험자 - 운영체제 Linux - Spring 기반의 Framework 유경..."
https://kr.indeed.com/viewjob?jk=9f9f79c321f0e7a1,JAVA Web 개발자 (중급),게임회사 서울 송파구,,워크 기반 JAVA WEB 개발 [ 자격요건 ] - 개발 경력 6~8년 - JSP/JAVA 3년 이상 - Spring 또는 전자정부 2년 이상 - Oracle 2년 이상 - 근무조건 : 정규직 - 근무지 : 송파구 - 연봉...
https://kr.indeed.com/viewjob?jk=a7ccbc2e56583326,서버개발(JAVA),Success Korea 성남 서현역,,"자격요건] - JAVA 개발 경력 3년이상 - JAVA, Maven, Spring, MySQL, linux - (모바일) 사이트 개발, 유지보수 1년... 3년이상 - JAVA, Maven, Spring, MySQL, linux..."
https://kr.indeed.com/viewjob?jk=9f4f24aefc6cdbb0,JAVA 개발,Success Korea 성남 서현역 +2 지역,,"Java Framework 기반 웹개발 숙련자(webwork, spring 등) - JQuery 기반의 Front-End 개발 숙련자 - RDBMS... 웹개발 숙련자(webwork, spring 등) - JQuery 기반의..."
https://kr.indeed.com/viewjob?jk=d7e6e133634b2d1f,ASAP 웹서비스 개발자(JAVA),Success Korea 성남 분당구,,"서버 DBMS 활용, SQL 사용 및 DB 설계 가능자 우대사항 - Spring, iBatis(MyBatis), jQuery 유경험자 - Front... DB 설계 가능자 우대사항 - Spring, iBatis(MyBatis..."
https://kr.indeed.com/viewjob?jk=7d9dd501b2e08618,IT개발(Java),Success Korea 서울 가산동,,"System 경험자 - ERP solution SI / SM 경험자 - Spring Framework 경험자 - 웹서버(Apache, Tomcat... SI / SM 경험자 - Spring Framework 경험자 - 웹서버..."
https://kr.indeed.com/viewjob?jk=8cd5ee7468268705,web개발자 3명(대리~차장),Success Korea 서울,,"개발자 3명(대리~차장) (지원마감) 회사소개 종합미디어그룹 업무내용/자격요건 담당직무 - Java ( spring) 개발 경력3년 이상 - Restful API, 웹서버 구축 - 리눅스 서버관리 및 배포 유지보수 - DB..."
https://kr.indeed.com/viewjob?jk=fe26cae834d06055,자바개발,Success Korea 대한민국,,JAVA (Framework : Spring / iBatis / Netty... 력서 자격요건 - SERVER : JAVA (Framework : Spring / iBatis / Netty 유경험자 우대) - WEB : JSP...
https://kr.indeed.com/viewjob?jk=4204412ce0c68c2f,Server Programmer,Success Korea 서울 강남구,,"또는 NoSQL) . 메모리 캐쉬 관련 지식 . nginx, django, spring, ror, nodejs 중 하나 이상의 실무 경험 . C... nginx, django, spring, ror, nodejs 중 하나..."
https://kr.indeed.com/viewjob?jk=a6a1be34577bde09,Application Architect (10년 이상),Success Korea 서울,,"Architect 업무 경력 10년 이상 필수조건 : - Java, Spring 기반 웹 어플리케이션 개발 경험 - JVM 기반 어플리케이션 성능... 필수조건 : - Java, Spring 기반 웹 어플리케이션 개발 경험..."
https://kr.indeed.com/viewjob?jk=f54e15772fb785bd,web개발자 4명(대리~차장),Success Korea 서울,,"개발자 4명(대리~차장) (지원마감) 회사소개 종합미디어그룹 업무내용/자격요건 담당직무 - Java ( spring) 개발 경력3년 이상 - Restful API, 웹서버 구축 - 리눅스 서버관리 및 배포 유지보수 - DB..."
https://kr.indeed.com/viewjob?jk=921351ca8b60278a,Java Web Application (Java Back-End),Success Korea 성남 분당구,,데이터를 -활용한 웹기반 서비스 플랫폼 개발 [자격요건] -Java Spring (Boot) 를 활용한 웹기반 서비스 개발/운영 경험 3년 이상이며... 사용) 자격요건 -Java Spring (Boot) 를 활용한 웹기반...
https://kr.indeed.com/viewjob?jk=26a75a0438d16b5a,서비스 웹/응용 SW 개발 PM(차장급),Success Korea 서울 방배동,,"서비스 설계) . Java NIO, MINA, ENTTY 등의 네트웍크 API 개발경험 (필수) . Spring 개발 경험(필수) . JPA 기반 관계형 객체 개발 경험(필수) . JMS기반 메시지 개발 경험(선택..."
https://kr.indeed.com/viewjob?jk=989584aa51f96aa1,SW개발(3명),Success Korea 서울 삼성동,,"PHP, Ruby, Perl, Delphi중 하나도 가능한 분 우대 - Spring, Eclipse, IntelliJ, JPA, ReactJS... 하나도 가능한 분 우대 - Spring, Eclipse, IntelliJ..."
https://kr.indeed.com/viewjob?jk=21c2d0c9b89cb016,Server 개발자(Java),Success Korea 성남 분당구,,나 .Net framework에 대한 개발이 가능하신 분 - Spring Framework 경험이 있으신 분 -서비스 운영을 하면서 Trouble... 에 대한 개발이 가능하신 분 - Spring Framework 경험이 있으신...
https://kr.indeed.com/viewjob?jk=6d7996cd08e6c7f4,JAVA웹어플리케이션 개발,Success Korea 서울 가산동,,"System 경험자 - ERP solution SI / SM 경험자 - Spring Framework 경험자 - 웹서버(Apache, Tomcat... SI / SM 경험자 - Spring Framework 경험자 - 웹서버..."
https://kr.indeed.com/viewjob?jk=e78ca8575f377420,JAVA개발(PM),Success Korea 서울 강남구,,핵심역량 : JAVA 서버 program / javascript / Spring / MySQL / Oracle / eclipse / Netty... javascript / Spring / MySQL / Oracle...
https://kr.indeed.com/viewjob?jk=d3a7fde286f7954c,Backend Developer(Python or Java),Success Korea 서울,,"Node.js 등을 사용한 3년 이상의 개발 경력 -Web framework (Django, Flask, Spring, Rails 등) 을 사용한 3년 이상의 웹 개발 경력 -관계형 데이터베이스의 이해 및 업무 활용 경험..."
https://kr.indeed.com/viewjob?jk=feb3e6495e583e41,Server Developer(Python) - ASAP,Success Korea 서울,,"5년 이상의 개발 경력 - Web framework (Django, Spring, Rails 등) 을 사용한 3년 이상의 웹 개발 경력 [우대조건... framework (Django, Spring, Rails 등) 을 사용한..."
https://kr.indeed.com/viewjob?jk=24fe3a8a21b466df,웹JAVA개발자,Success Korea 서울 삼성동,,"있으며, 끊임없이 공부하는 분 선호. - JAVA, Eclipse, Spring, Jquery, Full stack 능숙하신 분 우대 - 객체지향설계... JAVA, Eclipse, Spring, Jquery, Full stack..."
https://kr.indeed.com/viewjob?jk=4a7c2f8b88dfe409,JAVA개발(물류),Success Korea 서울 삼성동,,Architecture 설계 및 개발 경험있는 분 - Java/MSA/ Spring 환경에서의 개발 경험있는 분 - SQL/jQuery... 경험있는 분 - Java/MSA/ Spring 환경에서의 개발 경험있는 분...
https://kr.indeed.com/viewjob?jk=825b1b5923f02da1,JAVA개발(상품페이지),Success Korea 서울 삼성동,,"운영 [자격요건] - Java, Spring, Hibernate/JPA... 최종합격 [제출서류] 국문+영문통합이력서 자격요건 - Java, Spring, Hibernate/JPA, C#, Node.js, AngularJS..."
https://kr.indeed.com/viewjob?jk=274313913c9c2593,Java/JSP 프론트엔드 개발자,Success Korea 서울 청담역,,"미만 2. 경력 - Java/JSP 개발 경험 4년 이상 - Spring, Springboot, Struts, 전자정부프레임워크 중 하나 이상... 개발 경험 4년 이상 - Spring, Springboot, Struts..."
https://kr.indeed.com/viewjob?jk=a231181f51f6ce01,JAVA Web 개발자,Success Korea 서울 가산디지털단지역,,"Web 개발 업무 분야 ( Spring,Java, Jsp, Jquery, Ajax 등) - 스마트시티플랫폼에 사용되는 Web 관련 개발 담당 - 경력 : 2~ 5년차 - 기술 : spring, jsp, java, ajax..."
https://kr.indeed.com/viewjob?jk=b1cc27418a622299,IT부문 Java Web 개발 경력직,Success Korea 서울 서초구,,Spring Framework 기반 Web 개발 및 운영 [자격요건] - 대졸이상 - 5년 이상 - Java/Jsp/ Spring/Jquery 등... 5년 이상 - Java/Jsp/ Spring/Jquery 등 개발경력 보유...
https://kr.indeed.com/viewjob?jk=b255530651a0d66d,Java개발자.시니어급,온라인결제 서울,,"[담당업무] -핀테크 인증 서버 개발 [자격요건] -Java기반 개발 경력 6년이상 - Spring Framework 3.x 이상 개발 경험 -Oracle, MySQL 등 RDBMS 경험 -리눅스 환경 개발 경험 [우대요건..."
https://kr.indeed.com/viewjob?jk=99582bd2bb5915b0,Java기반 웹 개발자 (과장),Success Korea 서울,,"내용/자격요건 담당직무 - Language: JSP/Servlet, Java - Framework: Spring MVC - Script: HTML, CSS, Javascript(jQuery) - DBMS: MySQL..."
https://kr.indeed.com/viewjob?jk=1f83051601b7a090,Analytics Platform 개발(Java Web),Success Korea 성남 분당구,,개발 [자격요건] - Java Spring (Boot) 를 활용한 웹기반... 제출서류] 국문이력서(회사 양식 사용) 자격요건 - Java Spring (Boot) 를 활용한 웹기반 서비스 개발/운영 경험 3년 이상 - 총...
https://kr.indeed.com/viewjob?jk=d661c5cd3f728a1d,"[웹 개발, java]",에이치알 코리아 대한민국,,"업무내용 * 회사: 대기업 계열사 * 담당업무: - backend 서버 개발 * 자격요건 - java, spring 기반 서버 개발 경력 5년 이상 - sql, RDBMS 경험 - full stack 경력 우대 * 직위..."
https://kr.indeed.com/viewjob?jk=8740399e5e17f261,JAVA 개발 (SI 업무 담당/과장급),유투브관련회사 대한민국,,자격요건 - 초대졸 이상 - 경력 : 경력 7년 ~ 12년 - JAVA 개발 경험이 풍부한 분 - Spring/SpringBoot 사용 가능자 - RDBMS / Oracle 개발 경험자 - eGovframework...
https://kr.indeed.com/viewjob?jk=c6bbf5b9e1c5f967,서비스 응용/웹(Java) 개발 다수(대리~과장),Success Korea 서울 방배동 +1 지역,,"서비스 설계) . Java NIO, MINA, ENTTY 등의 네트웍크 API 개발경험 (필수) . Spring 개발 경험(필수) . JPA 기반 관계형 객체 개발 경험(필수) . JMS기반 메시지 개발 경험(선택..."
https://kr.indeed.com/viewjob?jk=319ae98e1936302c,서비스 응용/웹(Java) 개발 3명(대리~과장),Success Korea 서울 방배동,,"서비스 설계) . Java NIO, MINA, ENTTY 등의 네트웍크 API 개발경험 (필수) . Spring 개발 경험(필수) . JPA 기반 관계형 객체 개발 경험(필수) . JMS기반 메시지 개발 경험(선택..."
https://kr.indeed.com/viewjob?jk=5fea28a5dd517c24,SW개발 : 2명(ASAP),Success Korea 화성 동탄면,,"년 Cloud 서비스 개발 경력 우대/웹 프로그래밍 능력 필수 JSP, Spring framework, SpringBoot 개발 경력, Backend... 능력 필수 JSP, Spring framework, SpringBoot..."
https://kr.indeed.com/viewjob?jk=ce2124dcdeda34df,JAVA 개발자 (대리~과장),Success Korea 서울,,"채용제목 JAVA 개발자 (대리~과장) (지원마감) 회사소개 종합미디어그룹 업무내용/자격요건 담당직무 - Java ( spring) 개발 경력 5년 이상 - Restful API, 웹서버 구축 - 리눅스 서버관리 및 배포 유지보수..."
https://kr.indeed.com/viewjob?jk=529bec75d4174163,JAVA개발 중급 및 고급 경력 부산남구 근무 정규직,소프트웨어 자문 정보처리 및 정보통신 부산,,7월 초/중순 부터 근무가능하신분 • 필수자격요건 - 경력 5년이상 ~ 15년 미만 - framework : Spring 3.0이상 - OS : Linux or UNIX 경험자 (쉘 스크립트 작성 가능자 우대) - DB...
https://kr.indeed.com/viewjob?jk=a0b19ebc2babbfde,Analytics Platform 개발 (Java Server),Success Korea 성남 분당구,,데이터 프로세스를 경험을 할 수 있습니다. [자격요건] - Java Spring (Boot) 를 활용한 웹기반 서비스 개발/운영 경험 3년 이상... 사용) 자격요건 - Java Spring (Boot) 를 활용한 웹기반...
https://kr.indeed.com/viewjob?jk=46f145ee53c72bac,서비스 응용/웹(Java) 기술지원 2명(대리~과장),Success Korea 서울 방배동,,"서비스 설계) . Java NIO, MINA, ENTTY 등의 네트웍크 API 개발경험 (필수) . Spring 개발 경험(필수) . JPA 기반 관계형 객체 개발 경험(필수) . JMS기반 메시지 개발 경험(선택..."
https://kr.indeed.com/viewjob?jk=9c2aa761a79dfbf8,JAVA개발(대리),Success Korea 대한민국,,개발 [자격요건] - 핵심역량 : JAVA / javascript / Spring / MySQL / Oracle / eclipse / Netty... javascript / Spring / MySQL / Oracle...
https://kr.indeed.com/viewjob?jk=9d008f81b839cfa7,커머스 FE/서버 개발(e-commerce full-stack devel...,Success Korea 서울 이태원역,,자격요건] - Java / Spring Framework server... 제출서류] 국문이력서(첨부양식 사용) 자격요건 - Java / Spring Framework server side 개발을 5년 이상 하신 분...
https://kr.indeed.com/viewjob?jk=1b9e2f54b28dcc12,JAVA개발(3명),Success Korea 대한민국,,JAVA (Framework : Spring / iBatis / Netty... 력서 자격요건 - SERVER : JAVA (Framework : Spring / iBatis / Netty 유경험자 우대) - WEB : JSP...
https://kr.indeed.com/viewjob?jk=143e67796c8a9e83,서비스 응용/웹(Java) 기술지원(대리~차장),Success Korea 전라남도 나주,,"서비스 설계) . Java NIO, MINA, ENTTY 등의 네트웍크 API 개발경험 (필수) . Spring 개발 경험(필수) . JPA 기반 관계형 객체 개발 경험(필수) . JMS기반 메시지 개발 경험(선택..."
https://kr.indeed.com/viewjob?jk=7a5444c96c006f80,서비스 응용/웹(Java) 기술지원 3명(대리~차장),Success Korea 전라남도 나주,,"서비스 설계) . Java NIO, MINA, ENTTY 등의 네트웍크 API 개발경험 (필수) . Spring 개발 경험(필수) . JPA 기반 관계형 객체 개발 경험(필수) . JMS기반 메시지 개발 경험(선택..."
https://kr.indeed.com/viewjob?jk=fbdb2cabd8cc9901,Senior Full Stack JAVA Web Developer,Success Korea 서울 종로구,,기반 웹서비스 개발 경험자 -VCS(git)경험자 [우대사항] -영미권 대학 졸업자 또는 근무경험자 - Spring framework경험자 -아마존 클라우드 경험자 -웹퍼블리싱 가능자 -iOS또는 안드로이드 개발 경험자...
